<VisioDocument xmlns="urn:schemas-microsoft-com:office:visio">
	<DocumentProperties>
		<Title>Demo Network Map</Title>
		<HyperlinkBase href=""></HyperlinkBase>
	</DocumentProperties>
	<Pages>
		<Page ID="0" Name="Business Interoperability" NameU="Business Interoperability">
			<Shapes>
				<Shape ID="1" UniqueID="{CF759273-5561-4FFB-8470-DAEA24550544}" Name="Dynamic connector" NameU="Dynamic connector" Master="10">
					<XForm>
						<PinX Unit="IN_F">2.777689873417723</PinX>
						<PinY Unit="IN_F">6.333069620253166</PinY>
					</XForm>
				</Shape>
				<Shape ID="2" UniqueID="{B687F456-2440-4977-B67B-8F2D5998D1B0}" Name="Firewall" NameU="Firewall" Master="2">
					<XForm>
						<PinX Unit="IN_F">3.121044303797469</PinX>
						<PinY Unit="IN_F">6.161392405063292</PinY>
					</XForm>
					<Prop ID="1" Name="Manufacturer" NameU="Manufacturer">
						<Value></Value>
						<Label>Manufacturer</Label>
					</Prop>
					<Prop ID="2" Name="ProductNumber" NameU="ProductNumber">
						<Value></Value>
						<Label>Product Number</Label>
					</Prop>
					<Prop ID="3" Name="PartNumber" NameU="PartNumber">
						<Value></Value>
						<Label>Part Number</Label>
					</Prop>
					<Prop ID="4" Name="ProductDescription" NameU="ProductDescription">
						<Value></Value>
						<Label>Product Description</Label>
					</Prop>
					<Prop ID="5" Name="AssetNumber" NameU="AssetNumber">
						<Value></Value>
						<Label>Asset Number</Label>
					</Prop>
					<Prop ID="6" Name="SerialNumber" NameU="SerialNumber">
						<Value></Value>
						<Label>Serial Number</Label>
					</Prop>
					<Prop ID="7" Name="Location" NameU="Location">
						<Value></Value>
						<Label>Location</Label>
					</Prop>
					<Prop ID="8" Name="Building" NameU="Building">
						<Value></Value>
						<Label>Building</Label>
					</Prop>
					<Prop ID="9" Name="Room" NameU="Room">
						<Value></Value>
						<Label>Room</Label>
					</Prop>
					<Prop ID="10" Name="Department" NameU="Department">
						<Value></Value>
						<Label>Department</Label>
					</Prop>
				</Shape>
				<Shape ID="12" UniqueID="{7BE0BD96-BCD6-4BE5-9FFA-B8982D7AB495}" Name="Comm-link" NameU="Comm-link" Master="9">
					<XForm>
						<PinX Unit="IN_F">5.322389240506330</PinX>
						<PinY Unit="IN_F">4.861946202531647</PinY>
					</XForm>
					<Prop ID="1" Name="Manufacturer" NameU="Manufacturer">
						<Value></Value>
						<Label>Manufacturer</Label>
					</Prop>
					<Prop ID="2" Name="ProductNumber" NameU="ProductNumber">
						<Value></Value>
						<Label>Product Number</Label>
					</Prop>
					<Prop ID="3" Name="PartNumber" NameU="PartNumber">
						<Value></Value>
						<Label>Part Number</Label>
					</Prop>
					<Prop ID="4" Name="ProductDescription" NameU="ProductDescription">
						<Value></Value>
						<Label>Product Description</Label>
					</Prop>
					<Prop ID="5" Name="AssetNumber" NameU="AssetNumber">
						<Value></Value>
						<Label>Asset Number</Label>
					</Prop>
					<Prop ID="6" Name="SerialNumber" NameU="SerialNumber">
						<Value></Value>
						<Label>Serial Number</Label>
					</Prop>
					<Prop ID="7" Name="Location" NameU="Location">
						<Value></Value>
						<Label>Location</Label>
					</Prop>
					<Prop ID="8" Name="Building" NameU="Building">
						<Value></Value>
						<Label>Building</Label>
					</Prop>
					<Prop ID="9" Name="Room" NameU="Room">
						<Value></Value>
						<Label>Room</Label>
					</Prop>
					<Prop ID="10" Name="Department" NameU="Department">
						<Value></Value>
						<Label>Department</Label>
					</Prop>
				</Shape>
				<Shape ID="13" UniqueID="{563EBD72-BA22-4A9B-AA68-C47E84DE89E6}" Name="Server" NameU="Server" Master="0">
					<Text>EverythingMS!
(VB.NET)</Text>
					<XForm>
						<PinX Unit="IN_F">1.796677215189875</PinX>
						<PinY Unit="IN_F">6.161392405063292</PinY>
					</XForm>
					<Prop ID="1" Name="Manufacturer" NameU="Manufacturer">
						<Value></Value>
						<Label>Manufacturer</Label>
					</Prop>
					<Prop ID="2" Name="ProductNumber" NameU="ProductNumber">
						<Value></Value>
						<Label>Product Number</Label>
					</Prop>
					<Prop ID="3" Name="PartNumber" NameU="PartNumber">
						<Value></Value>
						<Label>Part Number</Label>
					</Prop>
					<Prop ID="4" Name="ProductDescription" NameU="ProductDescription">
						<Value></Value>
						<Label>Product Description</Label>
					</Prop>
					<Prop ID="5" Name="AssetNumber" NameU="AssetNumber">
						<Value></Value>
						<Label>Asset Number</Label>
					</Prop>
					<Prop ID="6" Name="SerialNumber" NameU="SerialNumber">
						<Value></Value>
						<Label>Serial Number</Label>
					</Prop>
					<Prop ID="7" Name="Location" NameU="Location">
						<Value></Value>
						<Label>Location</Label>
					</Prop>
					<Prop ID="8" Name="Building" NameU="Building">
						<Value></Value>
						<Label>Building</Label>
					</Prop>
					<Prop ID="9" Name="Room" NameU="Room">
						<Value></Value>
						<Label>Room</Label>
					</Prop>
					<Prop ID="10" Name="Department" NameU="Department">
						<Value></Value>
						<Label>Department</Label>
					</Prop>
				</Shape>
				<Shape ID="37" UniqueID="{8799C456-446E-4BFD-90D3-E8533EAC8392}" Name="Server.25" NameU="Server.25" Master="0">
					<Text>WorldWideShipping
Customer Service
(VB.NET)</Text>
					<XForm>
						<PinX Unit="IN_F">8.602848101265826</PinX>
						<PinY Unit="IN_F">2.973892405063293</PinY>
					</XForm>
					<Prop ID="1" Name="Manufacturer" NameU="Manufacturer">
						<Value></Value>
						<Label>Manufacturer</Label>
					</Prop>
					<Prop ID="2" Name="ProductNumber" NameU="ProductNumber">
						<Value></Value>
						<Label>Product Number</Label>
					</Prop>
					<Prop ID="3" Name="PartNumber" NameU="PartNumber">
						<Value></Value>
						<Label>Part Number</Label>
					</Prop>
					<Prop ID="4" Name="ProductDescription" NameU="ProductDescription">
						<Value></Value>
						<Label>Product Description</Label>
					</Prop>
					<Prop ID="5" Name="AssetNumber" NameU="AssetNumber">
						<Value></Value>
						<Label>Asset Number</Label>
					</Prop>
					<Prop ID="6" Name="SerialNumber" NameU="SerialNumber">
						<Value></Value>
						<Label>Serial Number</Label>
					</Prop>
					<Prop ID="7" Name="Location" NameU="Location">
						<Value></Value>
						<Label>Location</Label>
					</Prop>
					<Prop ID="8" Name="Building" NameU="Building">
						<Value></Value>
						<Label>Building</Label>
					</Prop>
					<Prop ID="9" Name="Room" NameU="Room">
						<Value></Value>
						<Label>Room</Label>
					</Prop>
					<Prop ID="10" Name="Department" NameU="Department">
						<Value></Value>
						<Label>Department</Label>
					</Prop>
				</Shape>
				<Shape ID="61" UniqueID="{C65A0504-0165-4296-A9E3-720D1CA07521}" Name="Firewall.65" NameU="Firewall.65" Master="2">
					<XForm>
						<PinX Unit="IN_F">6.640822784810127</PinX>
						<PinY Unit="IN_F">2.973892405063293</PinY>
					</XForm>
					<Prop ID="1" Name="Manufacturer" NameU="Manufacturer">
						<Value></Value>
						<Label>Manufacturer</Label>
					</Prop>
					<Prop ID="2" Name="ProductNumber" NameU="ProductNumber">
						<Value></Value>
						<Label>Product Number</Label>
					</Prop>
					<Prop ID="3" Name="PartNumber" NameU="PartNumber">
						<Value></Value>
						<Label>Part Number</Label>
					</Prop>
					<Prop ID="4" Name="ProductDescription" NameU="ProductDescription">
						<Value></Value>
						<Label>Product Description</Label>
					</Prop>
					<Prop ID="5" Name="AssetNumber" NameU="AssetNumber">
						<Value></Value>
						<Label>Asset Number</Label>
					</Prop>
					<Prop ID="6" Name="SerialNumber" NameU="SerialNumber">
						<Value></Value>
						<Label>Serial Number</Label>
					</Prop>
					<Prop ID="7" Name="Location" NameU="Location">
						<Value></Value>
						<Label>Location</Label>
					</Prop>
					<Prop ID="8" Name="Building" NameU="Building">
						<Value></Value>
						<Label>Building</Label>
					</Prop>
					<Prop ID="9" Name="Room" NameU="Room">
						<Value></Value>
						<Label>Room</Label>
					</Prop>
					<Prop ID="10" Name="Department" NameU="Department">
						<Value></Value>
						<Label>Department</Label>
					</Prop>
				</Shape>
				<Shape ID="71" UniqueID="{EA4F7414-D402-4E35-8BB4-5222E5880B04}" Name="WAN" NameU="WAN" Master="5">
					<Text>Internet</Text>
					<XForm>
						<PinX Unit="IN_F">5.276107594936709</PinX>
						<PinY Unit="IN_F">5.128955696202532</PinY>
					</XForm>
					<Prop ID="1" Name="Manufacturer" NameU="Manufacturer">
						<Value></Value>
						<Label>Manufacturer</Label>
					</Prop>
					<Prop ID="2" Name="ProductNumber" NameU="ProductNumber">
						<Value></Value>
						<Label>Product Number</Label>
					</Prop>
					<Prop ID="3" Name="PartNumber" NameU="PartNumber">
						<Value></Value>
						<Label>Part Number</Label>
					</Prop>
					<Prop ID="4" Name="ProductDescription" NameU="ProductDescription">
						<Value></Value>
						<Label>Product Description</Label>
					</Prop>
					<Prop ID="5" Name="AssetNumber" NameU="AssetNumber">
						<Value></Value>
						<Label>Asset Number</Label>
					</Prop>
					<Prop ID="6" Name="SerialNumber" NameU="SerialNumber">
						<Value></Value>
						<Label>Serial Number</Label>
					</Prop>
					<Prop ID="7" Name="Location" NameU="Location">
						<Value></Value>
						<Label>Location</Label>
					</Prop>
					<Prop ID="8" Name="Building" NameU="Building">
						<Value></Value>
						<Label>Building</Label>
					</Prop>
					<Prop ID="9" Name="Room" NameU="Room">
						<Value></Value>
						<Label>Room</Label>
					</Prop>
					<Prop ID="10" Name="Department" NameU="Department">
						<Value></Value>
						<Label>Department</Label>
					</Prop>
				</Shape>
				<Shape ID="77" UniqueID="{9FB42CA6-936E-48E2-BEE0-588AA8204F29}" Name="Dynamic connector.77" NameU="Dynamic connector.77" Master="10">
					<XForm>
						<PinX Unit="IN_F">7.768987341772153</PinX>
						<PinY Unit="IN_F">3.145569620253167</PinY>
					</XForm>
				</Shape>
				<Shape ID="86" UniqueID="{B4D76C3E-CF72-4E31-AF88-FC4BC837F0A6}" Name="Sheet.86" NameU="Sheet.86">
					<XForm>
						<PinX Unit="IN_F">5.500000000000000</PinX>
						<PinY Unit="IN_F">4.250000000000000</PinY>
					</XForm>
				</Shape>
				<Shape ID="81" UniqueID="{51009350-8986-426B-BECB-D1761A3C1A7D}" Name="Sheet.81" NameU="Sheet.81">
					<Text>Author:  Brian D. Moore</Text>
					<XForm>
						<PinX Unit="IN_F">0.750000000000000</PinX>
						<PinY Unit="IN_F">7.875000000000000</PinY>
					</XForm>
				</Shape>
				<Shape ID="80" UniqueID="{79D97584-DE88-4C8C-A654-3D68FBA7AFC6}" Name="Sheet.80" NameU="Sheet.80">
					<Text>Page 1 of 1</Text>
					<XForm>
						<PinX Unit="IN_F">8.750000000000000</PinX>
						<PinY Unit="IN_F">0.125000000000000</PinY>
					</XForm>
				</Shape>
				<Shape ID="82" UniqueID="{70AB57C9-4FE6-467C-9414-5935287AC14A}" Name="Sheet.82" NameU="Sheet.82">
					<Text>Project:  Business Interoperability</Text>
					<XForm>
						<PinX Unit="IN_F">8.750000000000000</PinX>
						<PinY Unit="IN_F">7.875000000000000</PinY>
					</XForm>
				</Shape>
				<Shape ID="84" UniqueID="{08E0FFAA-639C-4115-BCE1-4022AFC4051D}" Name="Sheet.84" NameU="Sheet.84">
					<Text>Microsoft Confidential</Text>
					<XForm>
						<PinX Unit="IN_F">3.500000000000000</PinX>
						<PinY Unit="IN_F">0.125000000000000</PinY>
					</XForm>
				</Shape>
				<Shape ID="85" UniqueID="{B573B034-DC15-47C3-8E10-68A5A6273A12}" Name="Sheet.85" NameU="Sheet.85">
					<Text>Last Saved:  July 14, 2001</Text>
					<XForm>
						<PinX Unit="IN_F">2.625000000000000</PinX>
						<PinY Unit="IN_F">7.875000000000000</PinY>
					</XForm>
				</Shape>
				<Shape ID="87" UniqueID="{09B8F9D3-A191-4134-8CFA-5CF369894700}" Name="Server.87" NameU="Server.87" Master="0">
					<XForm>
						<PinX Unit="IN_F">8.750000000000004</PinX>
						<PinY Unit="IN_F">4.562500000000002</PinY>
					</XForm>
					<Prop ID="1" Name="Manufacturer" NameU="Manufacturer">
						<Value></Value>
						<Label>Manufacturer</Label>
					</Prop>
					<Prop ID="2" Name="ProductNumber" NameU="ProductNumber">
						<Value></Value>
						<Label>Product Number</Label>
					</Prop>
					<Prop ID="3" Name="PartNumber" NameU="PartNumber">
						<Value></Value>
						<Label>Part Number</Label>
					</Prop>
					<Prop ID="4" Name="ProductDescription" NameU="ProductDescription">
						<Value></Value>
						<Label>Product Description</Label>
					</Prop>
					<Prop ID="5" Name="AssetNumber" NameU="AssetNumber">
						<Value></Value>
						<Label>Asset Number</Label>
					</Prop>
					<Prop ID="6" Name="SerialNumber" NameU="SerialNumber">
						<Value></Value>
						<Label>Serial Number</Label>
					</Prop>
					<Prop ID="7" Name="Location" NameU="Location">
						<Value></Value>
						<Label>Location</Label>
					</Prop>
					<Prop ID="8" Name="Building" NameU="Building">
						<Value></Value>
						<Label>Building</Label>
					</Prop>
					<Prop ID="9" Name="Room" NameU="Room">
						<Value></Value>
						<Label>Room</Label>
					</Prop>
					<Prop ID="10" Name="Department" NameU="Department">
						<Value></Value>
						<Label>Department</Label>
					</Prop>
				</Shape>
				<Shape ID="111" UniqueID="{8F0FE44E-26B9-4515-BB3B-683C32FCAE14}" Name="Dynamic connector.111" NameU="Dynamic connector.111" Master="10">
					<XForm>
						<PinX Unit="IN_F">8.725474683544306</PinX>
						<PinY Unit="IN_F">3.792721518987344</PinY>
					</XForm>
				</Shape>
				<Shape ID="112" UniqueID="{29E4F452-EC65-49D3-8BBB-64A3A2948399}" Name="Sheet.112" NameU="Sheet.112">
					<Text>WorldWideShipping
Shipping Logistics
(VC#.NET)</Text>
					<XForm>
						<PinX Unit="IN_F">8.814236111111113</PinX>
						<PinY Unit="IN_F">5.531250000000002</PinY>
					</XForm>
				</Shape>
			</Shapes>
		</Page>
	</Pages>
</VisioDocument>
