<VisioDocument xmlns="urn:schemas-microsoft-com:office:visio">
	<DocumentProperties>
		<Title>CLR Demonstration</Title>
		<HyperlinkBase href=""></HyperlinkBase>
	</DocumentProperties>
	<Pages>
		<Page ID="0" Name="CLRDemo Solution" NameU="Static Structure-1">
			<Shapes>
				<Shape ID="10" UniqueID="{7A1928EF-D8D0-4A3D-B427-73971DE86A0C}" Name="Watermark Title" NameU="Watermark Title" Master="18">
					<Text>Static Structure</Text>
					<XForm>
						<PinX Unit="MM">0.000000000000000</PinX>
						<PinY Unit="MM">11.000000000000002</PinY>
					</XForm>
				</Shape>
				<Shape ID="108" UniqueID="{3DE7F51A-FA66-4549-B1D0-529F80EEA925}" Name="Class" NameU="Class" Master="2">
					<XForm>
						<PinX Unit="MM">1.948818897637795</PinX>
						<PinY Unit="MM">7.204724409448819</PinY>
					</XForm>
				</Shape>
				<Shape ID="115" UniqueID="{A7586FD9-B1D8-46F9-ACAD-E380194AD53D}" Name="Name" NameU="Name">
					<Text>VBDemo</Text>
					<XForm>
						<PinX Unit="MM">0.374015748031496</PinX>
						<PinY Unit="MM">0.450787401574803</PinY>
					</XForm>
				</Shape>
				<Shape ID="126" UniqueID="{310714A3-3F81-4B85-A3A7-25DBC47680FB}" Name="Class.126" NameU="Class.126" Master="2">
					<XForm>
						<PinX Unit="MM">0.767716535433071</PinX>
						<PinY Unit="MM">10.354330708661415</PinY>
					</XForm>
				</Shape>
				<Shape ID="133" UniqueID="{84C00E47-2E56-4F5D-BF97-E5F6CC220143}" Name="Name" NameU="Name">
					<Text>CLRDemo</Text>
					<XForm>
						<PinX Unit="MM">0.374015748031496</PinX>
						<PinY Unit="MM">0.450787401574803</PinY>
					</XForm>
				</Shape>
				<Shape ID="117" UniqueID="{B457B20F-31A4-465F-93FC-09D6723A08B7}" Name="Class.117" NameU="Class.117" Master="2">
					<XForm>
						<PinX Unit="MM">1.948818897637795</PinX>
						<PinY Unit="MM">8.188976377952754</PinY>
					</XForm>
				</Shape>
				<Shape ID="124" UniqueID="{CF06F190-A23B-4A7B-8C64-C4CE90E2A21A}" Name="Name" NameU="Name">
					<Text>CSharpDemo</Text>
					<XForm>
						<PinX Unit="MM">0.374015748031496</PinX>
						<PinY Unit="MM">0.450787401574803</PinY>
					</XForm>
				</Shape>
				<Shape ID="140" UniqueID="{BDB6989E-8BCC-44E6-BBEB-98D156E4C75C}" Name="Class.140" NameU="Class.140" Master="2">
					<XForm>
						<PinX Unit="MM">2.141317907050743</PinX>
						<PinY Unit="MM">9.173228346456691</PinY>
					</XForm>
				</Shape>
				<Shape ID="147" UniqueID="{1A89A2D7-1D05-4926-8C30-2F04BC928152}" Name="Name" NameU="Name">
					<Text>CLRDemoResources</Text>
					<XForm>
						<PinX Unit="MM">0.566514757444444</PinX>
						<PinY Unit="MM">0.450787401574803</PinY>
					</XForm>
				</Shape>
				<Shape ID="135" UniqueID="{B7A5856D-B36F-425B-8DE3-B1DB587E1CE0}" Name="Composition" NameU="Composition" Master="22">
					<XForm>
						<PinX Unit="MM">1.077755905511811</PinX>
						<PinY Unit="MM">8.641732283464567</PinY>
					</XForm>
				</Shape>
				<Shape ID="137" UniqueID="{FDF602A9-1FDB-4371-A556-26CFC4C7E8C6}" Name="end1_mp" NameU="end1_mp">
					<Text>1</Text>
					<XForm>
						<PinX Unit="IN">-0.070710678118655</PinX>
						<PinY Unit="IN">-0.186753985205270</PinY>
					</XForm>
				</Shape>
				<Shape ID="139" UniqueID="{83E5A356-E383-48FD-A63E-27BBF7BB762E}" Name="end2_mp" NameU="end2_mp">
					<Text>1</Text>
					<XForm>
						<PinX Unit="IN">0.807340502983706</PinX>
						<PinY Unit="IN">-2.944726426150146</PinY>
					</XForm>
				</Shape>
				<Shape ID="156" UniqueID="{F7A8937F-D444-49F3-BCEB-0DA5023665B1}" Name="Composition.156" NameU="Composition.156" Master="22">
					<XForm>
						<PinX Unit="MM">1.264763779527559</PinX>
						<PinY Unit="MM">9.625984251968502</PinY>
					</XForm>
				</Shape>
				<Shape ID="158" UniqueID="{19F9C19C-20B5-4304-8388-3622AA79521F}" Name="end1_mp" NameU="end1_mp">
					<Text>1</Text>
					<XForm>
						<PinX Unit="IN">-0.070710678118655</PinX>
						<PinY Unit="IN">-0.116478394654088</PinY>
					</XForm>
				</Shape>
				<Shape ID="160" UniqueID="{F21E1840-9CF0-4B30-ABC6-FD0819BDB76C}" Name="end2_mp" NameU="end2_mp">
					<Text>1</Text>
					<XForm>
						<PinX Unit="IN">0.503600345503392</PinX>
						<PinY Unit="IN">-0.976222489142277</PinY>
					</XForm>
				</Shape>
				<Shape ID="154" UniqueID="{8D2AA19F-071B-45D6-99E1-D33E1510D0F5}" Name="Generalization" NameU="Generalization" Master="23">
					<XForm>
						<PinX Unit="MM">1.948818897637795</PinX>
						<PinY Unit="MM">7.696850393700785</PinY>
					</XForm>
				</Shape>
				<Shape ID="149" UniqueID="{BC129D5B-2A29-4EBB-A6C0-231BC0A9E268}" Name="Composition.149" NameU="Composition.149" Master="22">
					<XForm>
						<PinX Unit="MM">1.171259842519685</PinX>
						<PinY Unit="MM">9.133858267716533</PinY>
					</XForm>
				</Shape>
				<Shape ID="151" UniqueID="{CCB148F5-21A9-421A-A685-2A45B316F820}" Name="end1_mp" NameU="end1_mp">
					<Text>1</Text>
					<XForm>
						<PinX Unit="IN">-0.070710678118655</PinX>
						<PinY Unit="IN">-0.151616189929680</PinY>
					</XForm>
				</Shape>
				<Shape ID="153" UniqueID="{CD275BF7-37C2-4312-9F8E-2B62B1C76F3D}" Name="end2_mp" NameU="end2_mp">
					<Text>1</Text>
					<XForm>
						<PinX Unit="IN">0.655470424243549</PinX>
						<PinY Unit="IN">-1.960474457646214</PinY>
					</XForm>
				</Shape>
			</Shapes>
		</Page>
		<Page ID="4" Name="CSharpDemo Solution" NameU="Static Structure-2">
			<Shapes>
				<Shape ID="1" UniqueID="{B5471CB1-8DEB-4990-B6C5-1C0D214A5384}" Name="Watermark Title" NameU="Watermark Title" Master="18">
					<Text>Static Structure</Text>
					<XForm>
						<PinX Unit="MM">0.000000000000000</PinX>
						<PinY Unit="MM">11.000000000000002</PinY>
					</XForm>
				</Shape>
				<Shape ID="48" UniqueID="{161DCE1D-3CF4-4567-BB13-A98D40224B84}" Name="Class" NameU="Class" Master="2">
					<XForm>
						<PinX Unit="MM">1.944467513349956</PinX>
						<PinY Unit="MM">9.173228346456691</PinY>
					</XForm>
				</Shape>
				<Shape ID="55" UniqueID="{8E523401-4C16-4FA4-BDA9-B18C44A45AE0}" Name="Name" NameU="Name">
					<Text>CLRDemoResources</Text>
					<XForm>
						<PinX Unit="MM">0.566514757444444</PinX>
						<PinY Unit="MM">0.450787401574803</PinY>
					</XForm>
				</Shape>
				<Shape ID="62" UniqueID="{365AB05D-555B-4F2A-984A-988C806AA179}" Name="Class.62" NameU="Class.62" Master="2">
					<XForm>
						<PinX Unit="MM">0.767716535433071</PinX>
						<PinY Unit="MM">10.354330708661417</PinY>
					</XForm>
				</Shape>
				<Shape ID="69" UniqueID="{389A47EE-AC57-4EFA-99D5-109EB9EB1ADE}" Name="Name" NameU="Name">
					<Text>CSharpDemo</Text>
					<XForm>
						<PinX Unit="MM">0.374015748031496</PinX>
						<PinY Unit="MM">0.450787401574803</PinY>
					</XForm>
				</Shape>
				<Shape ID="57" UniqueID="{E0F29761-540A-4FCE-9AF1-799FC2C76FD5}" Name="Composition" NameU="Composition" Master="22">
					<XForm>
						<PinX Unit="MM">1.166338582677165</PinX>
						<PinY Unit="MM">9.625984251968504</PinY>
					</XForm>
				</Shape>
				<Shape ID="59" UniqueID="{77DABDE3-507C-4823-8E46-B9F17FA55C2D}" Name="end1_mp" NameU="end1_mp">
					<Text>1</Text>
					<XForm>
						<PinX Unit="IN">-0.070710678118655</PinX>
						<PinY Unit="IN">-0.110572882843066</PinY>
					</XForm>
				</Shape>
				<Shape ID="61" UniqueID="{6B2BD926-0D45-439A-92DA-8254B686BC6A}" Name="end2_mp" NameU="end2_mp">
					<Text>1</Text>
					<XForm>
						<PinX Unit="IN">0.312655463613631</PinX>
						<PinY Unit="IN">-0.976222489142282</PinY>
					</XForm>
				</Shape>
			</Shapes>
		</Page>
		<Page ID="5" Name="VBDemo Solution" NameU="VBDemo Solution">
			<Shapes>
				<Shape ID="1" UniqueID="{6B3A704F-34BC-4B28-B681-738F7CE42901}" Name="Watermark Title" NameU="Watermark Title" Master="18">
					<Text>Static Structure</Text>
					<XForm>
						<PinX Unit="MM">0.000000000000000</PinX>
						<PinY Unit="MM">11.000000000000002</PinY>
					</XForm>
				</Shape>
				<Shape ID="79" UniqueID="{1F0B1FCF-5231-4DEE-96D1-5573F9F35967}" Name="Class.79" NameU="Class.79" Master="2">
					<XForm>
						<PinX Unit="MM">0.767716535433071</PinX>
						<PinY Unit="MM">9.370078740157481</PinY>
					</XForm>
				</Shape>
				<Shape ID="86" UniqueID="{E3866D62-2961-4983-BC0C-435CD42BF6FE}" Name="Name" NameU="Name">
					<Text>VBDemo</Text>
					<XForm>
						<PinX Unit="MM">0.374015748031496</PinX>
						<PinY Unit="MM">0.450787401574803</PinY>
					</XForm>
				</Shape>
				<Shape ID="70" UniqueID="{C5F659A6-9123-4966-834D-61DB2428CCA6}" Name="Class" NameU="Class" Master="2">
					<XForm>
						<PinX Unit="MM">0.767716535433071</PinX>
						<PinY Unit="MM">10.354330708661415</PinY>
					</XForm>
				</Shape>
				<Shape ID="77" UniqueID="{2CA919AF-395C-4B7F-8BBA-1B12F1415956}" Name="Name" NameU="Name">
					<Text>CSharpDemo</Text>
					<XForm>
						<PinX Unit="MM">0.374015748031496</PinX>
						<PinY Unit="MM">0.450787401574803</PinY>
					</XForm>
				</Shape>
				<Shape ID="97" UniqueID="{2C775986-A4D3-494F-A033-FA1B905D81E8}" Name="Composition" NameU="Composition" Master="22">
					<XForm>
						<PinX Unit="MM">1.166338582677165</PinX>
						<PinY Unit="MM">8.740157480314961</PinY>
					</XForm>
				</Shape>
				<Shape ID="99" UniqueID="{94FC0A5E-3748-4CD9-9FC9-9D70C5356E84}" Name="end1_mp" NameU="end1_mp">
					<Text>1</Text>
					<XForm>
						<PinX Unit="IN">-0.070710678118655</PinX>
						<PinY Unit="IN">-0.104667371032040</PinY>
					</XForm>
				</Shape>
				<Shape ID="101" UniqueID="{B7B12ED4-2800-4783-A61C-C546CA68BAE3}" Name="end2_mp" NameU="end2_mp">
					<Text>1</Text>
					<XForm>
						<PinX Unit="IN">0.318560975424652</PinX>
						<PinY Unit="IN">-0.779372095441492</PinY>
					</XForm>
				</Shape>
				<Shape ID="88" UniqueID="{A396CA45-B6DA-4862-AFF4-FF3184E528F7}" Name="Class.88" NameU="Class.88" Master="2">
					<XForm>
						<PinX Unit="MM">1.944467513349956</PinX>
						<PinY Unit="MM">8.385826771653543</PinY>
					</XForm>
				</Shape>
				<Shape ID="95" UniqueID="{25E58B8D-4910-4EC2-A2BA-48F6237FCB58}" Name="Name" NameU="Name">
					<Text>CLRDemoResources</Text>
					<XForm>
						<PinX Unit="MM">0.566514757444444</PinX>
						<PinY Unit="MM">0.450787401574803</PinY>
					</XForm>
				</Shape>
				<Shape ID="102" UniqueID="{DEC05AFF-A643-4E24-892C-BB17C00EADD7}" Name="Generalization" NameU="Generalization" Master="23">
					<XForm>
						<PinX Unit="MM">0.767716535433071</PinX>
						<PinY Unit="MM">9.862204724409448</PinY>
					</XForm>
				</Shape>
			</Shapes>
		</Page>
		<Page ID="6" Name="CLRDemoResources Solution" NameU="CLRDemoResources Solution">
			<Shapes>
				<Shape ID="1" UniqueID="{4A5F999A-B79E-44F7-8AD9-3F5F15B6DEAF}" Name="Watermark Title" NameU="Watermark Title" Master="18">
					<Text>Static Structure</Text>
					<XForm>
						<PinX Unit="MM">0.000000000000000</PinX>
						<PinY Unit="MM">11.000000000000002</PinY>
					</XForm>
				</Shape>
				<Shape ID="20" UniqueID="{7452A7DD-2115-4258-99D2-5549DD2923AE}" Name="Class" NameU="Class" Master="2">
					<XForm>
						<PinX Unit="MM">0.960215544846019</PinX>
						<PinY Unit="MM">10.354330708661415</PinY>
					</XForm>
				</Shape>
				<Shape ID="27" UniqueID="{0C558E14-C3A4-4DCE-8AC5-C54F5B12CDA5}" Name="Name" NameU="Name">
					<Text>CLRDemoResources</Text>
					<XForm>
						<PinX Unit="MM">0.566514757444444</PinX>
						<PinY Unit="MM">0.450787401574803</PinY>
					</XForm>
				</Shape>
			</Shapes>
		</Page>
	</Pages>
</VisioDocument>
